prob_ensemble,prob_xgb,prob_lgbm,prob_cat,label_pred
0.2597200899689179,0.29347485,0.25705826026499246,0.22862715660297342,0
