prob_ensemble,prob_xgb,prob_lgbm,prob_cat,label_pred
0.25931955493696407,0.29057428,0.25705826026499246,0.23032612213813905,0
