{
    "xgb": {
        "auc": 0.9867075318518519,
        "accuracy": 0.9425333333333333,
        "precision": 0.8836344314558979,
        "recall": 0.8869333333333334,
        "f1": 0.8852808091562416,
        "pr_auc": 0.9633141588522575,
        "recall_at_k": 0.7648,
        "lift_at_k": 3.824
    },
    "lgbm": {
        "auc": 0.9864915437037037,
        "accuracy": 0.9421333333333334,
        "precision": 0.8846769887880406,
        "recall": 0.8837333333333334,
        "f1": 0.884204909284952,
        "pr_auc": 0.9628062924524033,
        "recall_at_k": 0.7642666666666666,
        "lift_at_k": 3.8213333333333335
    },
    "catboost": {
        "auc": 0.9868941274074073,
        "accuracy": 0.9433333333333334,
        "precision": 0.8868729989327642,
        "recall": 0.8864,
        "f1": 0.8866364363830355,
        "pr_auc": 0.9639642635315043,
        "recall_at_k": 0.7658666666666667,
        "lift_at_k": 3.8293333333333335
    },
    "ensemble": {
        "auc": 0.9869087288888888,
        "accuracy": 0.9424,
        "precision": 0.8843899840170485,
        "recall": 0.8853333333333333,
        "f1": 0.8848614072494669,
        "pr_auc": 0.9639394413900957,
        "recall_at_k": 0.7648,
        "lift_at_k": 3.824
    }
}