{
    "xgb": {
        "auc": 0.9866960592592592,
        "accuracy": 0.9417333333333333,
        "precision": 0.8808262711864406,
        "recall": 0.8869333333333334,
        "f1": 0.8838692532553813,
        "recall_at_k": 0.7669333333333334,
        "lift_at_k": 3.8346666666666667
    },
    "lgbm": {
        "auc": 0.9862069096296298,
        "accuracy": 0.9417333333333333,
        "precision": 0.8869752421959096,
        "recall": 0.8789333333333333,
        "f1": 0.8829359764264666,
        "recall_at_k": 0.7642666666666666,
        "lift_at_k": 3.8213333333333335
    },
    "catboost": {
        "auc": 0.9865117392592592,
        "accuracy": 0.9408,
        "precision": 0.8840579710144928,
        "recall": 0.8784,
        "f1": 0.8812199036918138,
        "recall_at_k": 0.7648,
        "lift_at_k": 3.824
    },
    "ensemble": {
        "auc": 0.9868781985185184,
        "accuracy": 0.9421333333333334,
        "precision": 0.8830409356725146,
        "recall": 0.8858666666666667,
        "f1": 0.8844515441959532,
        "recall_at_k": 0.7669333333333334,
        "lift_at_k": 3.8346666666666667
    }
}