{
    "xgb": {
        "auc": 0.9863083614814815,
        "accuracy": 0.9409333333333333,
        "precision": 0.8808510638297873,
        "recall": 0.8832,
        "f1": 0.8820239680426099,
        "pr_auc": 0.9617626701155717,
        "recall_at_k": 0.7626666666666667,
        "lift_at_k": 3.8133333333333335
    },
    "lgbm": {
        "auc": 0.9863793777777777,
        "accuracy": 0.9421333333333334,
        "precision": 0.8855002675227395,
        "recall": 0.8826666666666667,
        "f1": 0.8840811965811965,
        "pr_auc": 0.9625295446057555,
        "recall_at_k": 0.7632,
        "lift_at_k": 3.816
    },
    "catboost": {
        "auc": 0.9868811377777779,
        "accuracy": 0.9425333333333333,
        "precision": 0.886096256684492,
        "recall": 0.8837333333333334,
        "f1": 0.884913217623498,
        "pr_auc": 0.9638884485903599,
        "recall_at_k": 0.7653333333333333,
        "lift_at_k": 3.8266666666666667
    },
    "ensemble": {
        "auc": 0.9868786725925927,
        "accuracy": 0.9430666666666667,
        "precision": 0.8859275053304904,
        "recall": 0.8864,
        "f1": 0.8861636896827513,
        "pr_auc": 0.9636846423739702,
        "recall_at_k": 0.7632,
        "lift_at_k": 3.816
    }
}